algorithm,search_method,params,total_profit,average_daily_profit,pct_of_upper,rank
gradient,grid,"{""alpha"": 3.1089553618622863, ""reward_scale"": 10000.0, ""use_baseline"": true}",3624646.0,116924.06451612903,90.27918294964047,1
gradient,grid,"{""alpha"": 4.951289998230568, ""reward_scale"": 10000.0, ""use_baseline"": true}",3484793.0,112412.67741935483,86.79585945458575,2
gradient,grid,"{""alpha"": 20.000000000000004, ""reward_scale"": 10000.0, ""use_baseline"": true}",3477793.0,112186.87096774194,86.6215102131295,3
gradient,grid,"{""alpha"": 5.782109645659658, ""reward_scale"": 10000.0, ""use_baseline"": true}",3477793.0,112186.87096774194,86.6215102131295,3
gradient,grid,"{""alpha"": 7.8853729929056495, ""reward_scale"": 10000.0, ""use_baseline"": true}",3477793.0,112186.87096774194,86.6215102131295,3
gradient,grid,"{""alpha"": 9.208527728773268, ""reward_scale"": 10000.0, ""use_baseline"": true}",3477793.0,112186.87096774194,86.6215102131295,3
gradient,grid,"{""alpha"": 10.753706008311427, ""reward_scale"": 10000.0, ""use_baseline"": true}",3477793.0,112186.87096774194,86.6215102131295,3
gradient,grid,"{""alpha"": 6.752339686501559, ""reward_scale"": 10000.0, ""use_baseline"": true}",3477793.0,112186.87096774194,86.6215102131295,3
gradient,grid,"{""alpha"": 12.558163076585405, ""reward_scale"": 10000.0, ""use_baseline"": true}",3477793.0,112186.87096774194,86.6215102131295,3
gradient,grid,"{""alpha"": 14.665405557509434, ""reward_scale"": 10000.0, ""use_baseline"": true}",3477793.0,112186.87096774194,86.6215102131295,3
gradient,grid,"{""alpha"": 17.126240426614046, ""reward_scale"": 10000.0, ""use_baseline"": true}",3477793.0,112186.87096774194,86.6215102131295,3
gradient,grid,"{""alpha"": 2.6622358501432166, ""reward_scale"": 10000.0, ""use_baseline"": true}",3418993.0,110290.09677419355,85.15697658489687,12
gradient,grid,"{""alpha"": 2.2797045620951937, ""reward_scale"": 10000.0, ""use_baseline"": true}",3407463.0,109918.16129032258,84.8697984771839,13
gradient,grid,"{""alpha"": 1.9521384216045568, ""reward_scale"": 10000.0, ""use_baseline"": true}",3405463.0,109853.64516129032,84.8199844081964,14
gradient,grid,"{""alpha"": 1.2257636323289027, ""reward_scale"": 10000.0, ""use_baseline"": true}",3404463.0,109821.3870967742,84.79507737370265,15
gradient,grid,"{""alpha"": 1.0496361336732254, ""reward_scale"": 10000.0, ""use_baseline"": true}",3404463.0,109821.3870967742,84.79507737370265,15
gradient,grid,"{""alpha"": 0.8988160392874615, ""reward_scale"": 10000.0, ""use_baseline"": true}",3404463.0,109821.3870967742,84.79507737370265,15
gradient,grid,"{""alpha"": 1.671639597721523, ""reward_scale"": 10000.0, ""use_baseline"": true}",3404463.0,109821.3870967742,84.79507737370265,15
gradient,grid,"{""alpha"": 1.4314450828613579, ""reward_scale"": 10000.0, ""use_baseline"": true}",3391463.0,109402.03225806452,84.47128592528388,19
gradient,grid,"{""alpha"": 0.7696669794067013, ""reward_scale"": 10000.0, ""use_baseline"": true}",3382463.0,109111.70967741935,84.24712261484011,20
gradient,grid,"{""alpha"": 0.6590750868872473, ""reward_scale"": 10000.0, ""use_baseline"": true}",3382463.0,109111.70967741935,84.24712261484011,20
gradient,grid,"{""alpha"": 0.16316359428938848, ""reward_scale"": 10000.0, ""use_baseline"": false}",3350580.0,108083.2258064516,83.4530116340758,22
gradient,grid,"{""alpha"": 0.6590750868872473, ""reward_scale"": 10000.0, ""use_baseline"": false}",3347580.0,107986.45161290323,83.37829053059455,23
gradient,grid,"{""alpha"": 1.2257636323289027, ""reward_scale"": 10000.0, ""use_baseline"": false}",3347580.0,107986.45161290323,83.37829053059455,23
gradient,grid,"{""alpha"": 0.5643739198611264, ""reward_scale"": 10000.0, ""use_baseline"": false}",3347580.0,107986.45161290323,83.37829053059455,23
gradient,grid,"{""alpha"": 0.8988160392874615, ""reward_scale"": 10000.0, ""use_baseline"": false}",3347580.0,107986.45161290323,83.37829053059455,23
gradient,grid,"{""alpha"": 1.4314450828613579, ""reward_scale"": 10000.0, ""use_baseline"": false}",3347580.0,107986.45161290323,83.37829053059455,23
gradient,grid,"{""alpha"": 0.7696669794067013, ""reward_scale"": 10000.0, ""use_baseline"": false}",3347580.0,107986.45161290323,83.37829053059455,23
gradient,grid,"{""alpha"": 1.0496361336732254, ""reward_scale"": 10000.0, ""use_baseline"": false}",3347580.0,107986.45161290323,83.37829053059455,23
gradient,grid,"{""alpha"": 0.4138386210422373, ""reward_scale"": 10000.0, ""use_baseline"": false}",3347580.0,107986.45161290323,83.37829053059455,23
gradient,grid,"{""alpha"": 1.9521384216045568, ""reward_scale"": 10000.0, ""use_baseline"": false}",3347580.0,107986.45161290323,83.37829053059455,23
gradient,grid,"{""alpha"": 17.126240426614046, ""reward_scale"": 10000.0, ""use_baseline"": false}",3347580.0,107986.45161290323,83.37829053059455,23
gradient,grid,"{""alpha"": 14.665405557509434, ""reward_scale"": 10000.0, ""use_baseline"": false}",3347580.0,107986.45161290323,83.37829053059455,23
gradient,grid,"{""alpha"": 12.558163076585405, ""reward_scale"": 10000.0, ""use_baseline"": false}",3347580.0,107986.45161290323,83.37829053059455,23
gradient,grid,"{""alpha"": 10.753706008311427, ""reward_scale"": 10000.0, ""use_baseline"": false}",3347580.0,107986.45161290323,83.37829053059455,23
gradient,grid,"{""alpha"": 9.208527728773268, ""reward_scale"": 10000.0, ""use_baseline"": false}",3347580.0,107986.45161290323,83.37829053059455,23
gradient,grid,"{""alpha"": 7.8853729929056495, ""reward_scale"": 10000.0, ""use_baseline"": false}",3347580.0,107986.45161290323,83.37829053059455,23
gradient,grid,"{""alpha"": 1.671639597721523, ""reward_scale"": 10000.0, ""use_baseline"": false}",3347580.0,107986.45161290323,83.37829053059455,23
gradient,grid,"{""alpha"": 6.752339686501559, ""reward_scale"": 10000.0, ""use_baseline"": false}",3347580.0,107986.45161290323,83.37829053059455,23
gradient,grid,"{""alpha"": 4.951289998230568, ""reward_scale"": 10000.0, ""use_baseline"": false}",3347580.0,107986.45161290323,83.37829053059455,23
gradient,grid,"{""alpha"": 4.239849146579303, ""reward_scale"": 10000.0, ""use_baseline"": false}",3347580.0,107986.45161290323,83.37829053059455,23
gradient,grid,"{""alpha"": 3.6306337928445718, ""reward_scale"": 10000.0, ""use_baseline"": false}",3347580.0,107986.45161290323,83.37829053059455,23
gradient,grid,"{""alpha"": 3.1089553618622863, ""reward_scale"": 10000.0, ""use_baseline"": false}",3347580.0,107986.45161290323,83.37829053059455,23
gradient,grid,"{""alpha"": 0.4832801721026124, ""reward_scale"": 10000.0, ""use_baseline"": false}",3347580.0,107986.45161290323,83.37829053059455,23
gradient,grid,"{""alpha"": 2.2797045620951937, ""reward_scale"": 10000.0, ""use_baseline"": false}",3347580.0,107986.45161290323,83.37829053059455,23
gradient,grid,"{""alpha"": 5.782109645659658, ""reward_scale"": 10000.0, ""use_baseline"": false}",3347580.0,107986.45161290323,83.37829053059455,23
gradient,grid,"{""alpha"": 2.6622358501432166, ""reward_scale"": 10000.0, ""use_baseline"": false}",3347580.0,107986.45161290323,83.37829053059455,23
gradient,grid,"{""alpha"": 20.000000000000004, ""reward_scale"": 10000.0, ""use_baseline"": false}",3347580.0,107986.45161290323,83.37829053059455,23
gradient,grid,"{""alpha"": 0.30345556064724316, ""reward_scale"": 10000.0, ""use_baseline"": false}",3347580.0,107986.45161290323,83.37829053059455,23
gradient,grid,"{""alpha"": 0.25985264452188206, ""reward_scale"": 10000.0, ""use_baseline"": false}",3347580.0,107986.45161290323,83.37829053059455,23
gradient,grid,"{""alpha"": 0.2225149432786609, ""reward_scale"": 10000.0, ""use_baseline"": false}",3347580.0,107986.45161290323,83.37829053059455,23
gradient,grid,"{""alpha"": 0.35437498608938817, ""reward_scale"": 10000.0, ""use_baseline"": false}",3347580.0,107986.45161290323,83.37829053059455,23
gradient,grid,"{""alpha"": 0.19054222085523648, ""reward_scale"": 10000.0, ""use_baseline"": false}",3340580.0,107760.64516129032,83.2039412891383,53
gradient,grid,"{""alpha"": 0.35437498608938817, ""reward_scale"": 10000.0, ""use_baseline"": true}",3333865.0,107544.03225806452,83.03669055251275,54
gradient,grid,"{""alpha"": 0.30345556064724316, ""reward_scale"": 10000.0, ""use_baseline"": true}",3317662.0,107021.35483870968,82.63312187261049,55
gradient,grid,"{""alpha"": 0.5643739198611264, ""reward_scale"": 10000.0, ""use_baseline"": true}",3316666.0,106989.2258064516,82.60831446625471,56
gradient,grid,"{""alpha"": 0.11964301412374054, ""reward_scale"": 10000.0, ""use_baseline"": false}",3314250.0,106911.29032258065,82.5481390709178,57
gradient,grid,"{""alpha"": 0.13971894723352868, ""reward_scale"": 10000.0, ""use_baseline"": false}",3311250.0,106814.51612903226,82.47341796743655,58
gradient,grid,"{""alpha"": 0.10245175126239792, ""reward_scale"": 10000.0, ""use_baseline"": false}",3234380.0,104334.83870967742,80.55881422590183,59
gradient,grid,"{""alpha"": 0.4138386210422373, ""reward_scale"": 10000.0, ""use_baseline"": true}",3176748.0,102475.74193548386,79.1233720139579,60
gradient,grid,"{""alpha"": 0.08773066621237416, ""reward_scale"": 10000.0, ""use_baseline"": false}",3165050.0,102098.3870967742,78.83200952444999,61
gradient,grid,"{""alpha"": 0.25985264452188206, ""reward_scale"": 10000.0, ""use_baseline"": true}",3146068.0,101486.06451612903,78.35922419568959,62
gradient,grid,"{""alpha"": 0.4832801721026124, ""reward_scale"": 10000.0, ""use_baseline"": true}",3137903.0,101222.67741935483,78.1558582590481,63
gradient,grid,"{""alpha"": 0.07512482411700717, ""reward_scale"": 10000.0, ""use_baseline"": false}",3126864.0,100866.58064516129,77.88090950527157,64
gradient,grid,"{""alpha"": 0.2225149432786609, ""reward_scale"": 10000.0, ""use_baseline"": true}",3090305.0,99687.25806451614,76.9703332312145,65
gradient,grid,"{""alpha"": 0.16316359428938848, ""reward_scale"": 10000.0, ""use_baseline"": true}",3084261.0,99492.29032258065,76.81979511473426,66
gradient,grid,"{""alpha"": 0.06433028999174785, ""reward_scale"": 10000.0, ""use_baseline"": false}",3080579.0,99373.51612903226,76.72808741372826,67
gradient,grid,"{""alpha"": 0.05508680065562378, ""reward_scale"": 10000.0, ""use_baseline"": false}",3077579.0,99276.74193548386,76.65336631024701,68
gradient,grid,"{""alpha"": 0.040393513624019946, ""reward_scale"": 10000.0, ""use_baseline"": false}",3075850.0,99220.96774193548,76.6103020476073,69
gradient,grid,"{""alpha"": 0.04717148961805859, ""reward_scale"": 10000.0, ""use_baseline"": false}",3068322.0,98978.12903225806,76.42280189193833,70
gradient,grid,"{""alpha"": 0.08773066621237416, ""reward_scale"": 10000.0, ""use_baseline"": true}",3068180.0,98973.54838709677,76.41926509304022,71
gradient,grid,"{""alpha"": 0.13971894723352868, ""reward_scale"": 10000.0, ""use_baseline"": true}",3068180.0,98973.54838709677,76.41926509304022,71
gradient,grid,"{""alpha"": 0.029619362959451737, ""reward_scale"": 10000.0, ""use_baseline"": false}",3060309.0,98719.64516129032,76.2232218245399,73
gradient,grid,"{""alpha"": 0.03458945130003373, ""reward_scale"": 10000.0, ""use_baseline"": false}",3060180.0,98715.48387096774,76.22000881709022,74
gradient,grid,"{""alpha"": 0.10245175126239792, ""reward_scale"": 10000.0, ""use_baseline"": true}",3056833.0,98607.51612903226,76.13664497263962,75
gradient,grid,"{""alpha"": 0.11964301412374054, ""reward_scale"": 10000.0, ""use_baseline"": true}",3054924.0,98545.93548387097,76.08909744379105,76
gradient,grid,"{""alpha"": 0.19054222085523648, ""reward_scale"": 10000.0, ""use_baseline"": true}",3054305.0,98525.96774193548,76.07367998943941,77
gradient,grid,"{""alpha"": 0.015925896070970644, ""reward_scale"": 10000.0, ""use_baseline"": true}",3051836.0,98446.32258064517,76.01218452127434,78
gradient,grid,"{""alpha"": 0.0185982395134684, ""reward_scale"": 10000.0, ""use_baseline"": true}",3051836.0,98446.32258064517,76.01218452127434,78
gradient,grid,"{""alpha"": 0.02536341656633582, ""reward_scale"": 10000.0, ""use_baseline"": false}",3049924.0,98384.64516129032,75.9645622713223,80
gradient,grid,"{""alpha"": 0.01167798623737652, ""reward_scale"": 10000.0, ""use_baseline"": false}",3049836.0,98381.80645161291,75.96237045228685,81
gradient,grid,"{""alpha"": 0.05508680065562378, ""reward_scale"": 10000.0, ""use_baseline"": true}",3048836.0,98349.54838709677,75.93746341779308,82
gradient,grid,"{""alpha"": 0.04717148961805859, ""reward_scale"": 10000.0, ""use_baseline"": true}",3048836.0,98349.54838709677,75.93746341779308,82
gradient,grid,"{""alpha"": 0.013637536256035549, ""reward_scale"": 10000.0, ""use_baseline"": false}",3046836.0,98285.03225806452,75.88764934880558,84
gradient,grid,"{""alpha"": 0.021718998507771627, ""reward_scale"": 10000.0, ""use_baseline"": true}",3046836.0,98285.03225806452,75.88764934880558,84
gradient,grid,"{""alpha"": 0.021718998507771627, ""reward_scale"": 10000.0, ""use_baseline"": false}",3046836.0,98285.03225806452,75.88764934880558,84
gradient,grid,"{""alpha"": 0.02536341656633582, ""reward_scale"": 10000.0, ""use_baseline"": true}",3046836.0,98285.03225806452,75.88764934880558,84
gradient,grid,"{""alpha"": 0.040393513624019946, ""reward_scale"": 10000.0, ""use_baseline"": true}",3046836.0,98285.03225806452,75.88764934880558,84
gradient,grid,"{""alpha"": 0.029619362959451737, ""reward_scale"": 10000.0, ""use_baseline"": true}",3045836.0,98252.7741935484,75.86274231431183,89
gradient,grid,"{""alpha"": 0.03458945130003373, ""reward_scale"": 10000.0, ""use_baseline"": true}",3045836.0,98252.7741935484,75.86274231431183,89
gradient,grid,"{""alpha"": 0.013637536256035549, ""reward_scale"": 10000.0, ""use_baseline"": true}",3045836.0,98252.7741935484,75.86274231431183,89
gradient,grid,"{""alpha"": 0.07512482411700717, ""reward_scale"": 10000.0, ""use_baseline"": true}",3045836.0,98252.7741935484,75.86274231431183,89
gradient,grid,"{""alpha"": 0.01167798623737652, ""reward_scale"": 10000.0, ""use_baseline"": true}",3045836.0,98252.7741935484,75.86274231431183,89
gradient,grid,"{""alpha"": 0.01, ""reward_scale"": 10000.0, ""use_baseline"": true}",3045836.0,98252.7741935484,75.86274231431183,89
gradient,grid,"{""alpha"": 0.01, ""reward_scale"": 10000.0, ""use_baseline"": false}",3043836.0,98188.25806451614,75.81292824532433,95
gradient,grid,"{""alpha"": 0.0185982395134684, ""reward_scale"": 10000.0, ""use_baseline"": false}",3042836.0,98156.0,75.78802121083056,96
gradient,grid,"{""alpha"": 0.015925896070970644, ""reward_scale"": 10000.0, ""use_baseline"": false}",3042836.0,98156.0,75.78802121083056,96
gradient,grid,"{""alpha"": 0.06433028999174785, ""reward_scale"": 10000.0, ""use_baseline"": true}",3040836.0,98091.48387096774,75.73820714184308,98
gradient,grid,"{""alpha"": 4.239849146579303, ""reward_scale"": 10000.0, ""use_baseline"": true}",2817055.0,90872.74193548386,70.16448605579674,99
gradient,grid,"{""alpha"": 3.6306337928445718, ""reward_scale"": 10000.0, ""use_baseline"": true}",2817055.0,90872.74193548386,70.16448605579674,99
